-- Day 5 (Privacy) v4 — anti-AI rewrite of the medium/hard/danger tier.
-- Mostly live/interactive browser challenges; only 2 file-based (bookmark
-- vault sqlite kept + metadata-mirage image). Generated by
-- scripts/gen-day5-privacy.py (keys random per run — re-apply if regenerated).
begin;

delete from public.submission_attempts where challenge_id in ('p5_profile_archive', 'p5_dns_whisper', 'p5_tracker_ghost', 'p5_briefing_carve', 'p5_mask_match', 'p5_exit_witness', 'p5_reidentified');
delete from public.challenges where id in ('p5_profile_archive', 'p5_dns_whisper', 'p5_tracker_ghost', 'p5_briefing_carve', 'p5_mask_match', 'p5_exit_witness', 'p5_reidentified');

insert into public.challenges (id, title, category, difficulty, points, first_blood_bonus, sort_order, prompt, asset_url, action_url, num_hints, day, is_extra, is_dynamic) values (
  'p5_ghost_profile', 'Ghost Profile', 'Web Privacy', 'medium', 250, 50, 504,
  'A secure newsroom only admits a visitor whose browser looks exactly like its shared kiosk. Make your own session present the three traits it expects, then read the intake token it hands you. Open it while logged in.',
  null, '/challenge/ghost-profile', 1, 5, false, true);
insert into public.challenge_answer_keys (challenge_id, answer, secret, live_material) values ('p5_ghost_profile', 'kiosk_admitted', 'b8981f21b4096e2895b19c87aff68c7f', '{"timezone": "Europe/London", "locale": "en-GB", "screen": "1280x720", "reveal_hex": "2d72c5910b3ced4b371afb0f784c"}'::jsonb);
insert into public.challenge_hints (challenge_id, hint_number, body, penalty) values ('p5_ghost_profile', 1, 'The kiosk judges you only by traits your browser announces about itself — change what it announces.', 40);

insert into public.challenges (id, title, category, difficulty, points, first_blood_bonus, sort_order, prompt, asset_url, action_url, num_hints, day, is_extra, is_dynamic) values (
  'p5_referer_burn', 'Referer Burn', 'Web Privacy', 'medium', 275, 50, 505,
  'A free news site quietly hands your reading identity to advertising partners the instant you share an article, and shows you nothing on screen. Watch what actually leaves your browser and rebuild the identifier the partners just learned. Open it while logged in.',
  null, '/challenge/referer-burn', 1, 5, false, true);
insert into public.challenge_answer_keys (challenge_id, answer, secret, live_material) values ('p5_referer_burn', 'leak_via_referer', '345d1a4d451be4500fb86b9fd9f02205', '{"p1": "leak", "p2": "_via_", "p3": "referer"}'::jsonb);
insert into public.challenge_hints (challenge_id, hint_number, body, penalty) values ('p5_referer_burn', 1, 'The page stays quiet; the things it sends out do not.', 40);

insert into public.challenges (id, title, category, difficulty, points, first_blood_bonus, sort_order, prompt, asset_url, action_url, num_hints, day, is_extra, is_dynamic) values (
  'p5_metadata_mirage', 'Metadata Mirage', 'Browser Forensics', 'medium', 290, 50, 506,
  'A leaked site photo had its location ''removed'' before publishing. The picture looks scrubbed, but the file remembers more than the image shows. Recover the note the export tool left behind — you will also need the session value shown on this challenge page.',
  '/challenges/day5/metadata-mirage.jpg', '/challenge/verify/p5_metadata_mirage', 1, 5, false, true);
insert into public.challenge_answer_keys (challenge_id, answer, secret, live_material) values ('p5_metadata_mirage', 'north_dock_gate', 'd60c991121f419479e19181cc480227f', '{"session_key_hex": "f7be473b8f5a2c1c4f064696e4b36a99a03e8ffc3ddb33f6e7e8d0b9cde2c7bfc626f053e2dbaba59aefc15084beef83"}'::jsonb);
insert into public.challenge_hints (challenge_id, hint_number, body, penalty) values ('p5_metadata_mirage', 1, 'A photo is more than its pixels, and the note it left needs the key only this page holds.', 40);

insert into public.challenges (id, title, category, difficulty, points, first_blood_bonus, sort_order, prompt, asset_url, action_url, num_hints, day, is_extra, is_dynamic) values (
  'p5_cookie_jar', 'Cookie Jar', 'Web Privacy', 'medium', 305, 50, 507,
  'A data-broker portal decides what it shows you entirely from cookies on your own machine, and never re-checks with its server. Convince it you are a member who has withdrawn consent, then read your full dossier. Open it while logged in.',
  null, '/challenge/cookie-jar', 1, 5, false, true);
insert into public.challenge_answer_keys (challenge_id, answer, secret, live_material) values ('p5_cookie_jar', 'tier_escalated', '846a793d43307e199de46d828f6dc7ef', '{"reveal_hex": "6b671e568427484719117408b967"}'::jsonb);
insert into public.challenge_hints (challenge_id, hint_number, body, penalty) values ('p5_cookie_jar', 1, 'Everything it trusts about you is sitting in your own browser, and it is editable.', 40);

insert into public.challenges (id, title, category, difficulty, points, first_blood_bonus, sort_order, prompt, asset_url, action_url, num_hints, day, is_extra, is_dynamic) values (
  'p5_entropy_portal', 'Entropy Portal', 'Anonymity', 'hard', 440, 50, 508,
  'A whistleblower drop only opens for a visitor who cannot be singled out — one who looks like everyone else. Your session stands out on several traits at once. Blend into the crowd baseline completely, all at the same time, and the drop unseals. Open it while logged in.',
  null, '/challenge/entropy-portal', 1, 5, false, true);
insert into public.challenge_answer_keys (challenge_id, answer, secret, live_material) values ('p5_entropy_portal', 'blend_into_crowd', '126047fd5b37c39d19d3ecc704dd879c', '{"timezone": "America/New_York", "locale": "en-US", "screen": "1920x1080", "scheme": "light", "dpr": "1", "reveal_hex": "1a065b6b989c72293a0b6de789e60579"}'::jsonb);
insert into public.challenge_hints (challenge_id, hint_number, body, penalty) values ('p5_entropy_portal', 1, 'Here you want to be boringly ordinary — on every trait at once, not just one.', 40);

insert into public.challenges (id, title, category, difficulty, points, first_blood_bonus, sort_order, prompt, asset_url, action_url, num_hints, day, is_extra, is_dynamic) values (
  'p5_supercookie', 'Supercookie', 'Web Privacy', 'hard', 470, 50, 509,
  'A tracker that refuses to die copies your visitor id into every corner of the browser it can reach, so clearing one place never forgets you. Let it tag you, then prove how thoroughly by rebuilding your id from every hiding place. Open it while logged in.',
  null, '/challenge/supercookie', 1, 5, false, true);
insert into public.challenge_answer_keys (challenge_id, answer, secret, live_material) values ('p5_supercookie', 'evercookie_rebuilt', '74ab910bd5b39a2137813c3ad0ab0b4e', '{"seg_cookie": "ever", "seg_local": "cookie", "seg_session": "_re", "seg_idb": "buil", "seg_cache": "t"}'::jsonb);
insert into public.challenge_hints (challenge_id, hint_number, body, penalty) values ('p5_supercookie', 1, 'One place is easy to clear; this thing never keeps everything in one place.', 40);

insert into public.challenges (id, title, category, difficulty, points, first_blood_bonus, sort_order, prompt, asset_url, action_url, num_hints, day, is_extra, is_dynamic) values (
  'p5_reidentified', 'Re-Identified', 'Data Privacy', 'danger', 600, 100, 510,
  'A hospital released an ''anonymised'' patient dataset — names removed, but age, postal code and gender kept. A public roll lists real names with those same details. Most patients hide inside a crowd who share their details; exactly one does not. Re-identify that single person and confirm the link. Open it while logged in.',
  null, '/challenge/re-identified', 1, 5, false, true);
insert into public.challenge_answer_keys (challenge_id, answer, secret, live_material) values ('p5_reidentified', 'subject_relinked', '1be93d6b48d604a4a391b13cfd79a938', '{"anon_id": "A-7731", "public_id": "V-2050"}'::jsonb);
insert into public.challenge_hints (challenge_id, hint_number, body, penalty) values ('p5_reidentified', 1, 'Anonymised is not anonymous when a few ordinary details line up for only one person.', 40);

create or replace function public.verify_reident(p_player_id uuid, p_token uuid, p_anon text, p_public text)
returns jsonb language plpgsql security definer set search_path = public, extensions, pg_temp as $$
declare v_mat jsonb; v_ans text; v_starts timestamptz; v_ends timestamptz; v_day int;
begin
  if not public._verify_player(p_player_id, p_token) then
    return jsonb_build_object('ok', false, 'message', 'Session invalid - please register again.');
  end if;
  select starts_at, ends_at into v_starts, v_ends from public.event_config where id = 1;
  if v_starts is null or now() < v_starts then
    return jsonb_build_object('ok', false, 'message', 'The event has not started yet.');
  end if;
  if v_ends is not null and now() > v_ends then
    return jsonb_build_object('ok', false, 'message', 'Time is up - the event has ended.');
  end if;
  select day into v_day from public.challenges where id = 'p5_reidentified';
  if v_day is null or not exists (select 1 from public.days d where d.day = v_day and d.is_open) then
    return jsonb_build_object('ok', false, 'message', 'This challenge is locked right now.');
  end if;
  select live_material, answer into v_mat, v_ans from public.challenge_answer_keys where challenge_id = 'p5_reidentified';
  if v_mat is null then return jsonb_build_object('ok', false, 'message', 'Unknown challenge.'); end if;
  if upper(btrim(p_anon)) = upper(v_mat->>'anon_id') and upper(btrim(p_public)) = upper(v_mat->>'public_id') then
    return jsonb_build_object('ok', true, 'token', v_ans, 'message', 'Linkage confirmed.');
  end if;
  return jsonb_build_object('ok', false, 'message', 'No unique linkage - those two records are not a confident match.');
end; $$;
grant execute on function public.verify_reident(uuid,uuid,text,text) to anon, authenticated;

commit;
