-- Day 5 (Privacy) v3 — anti-AI rebuild: file ciphertext + off-file high-entropy keys.
-- Generated by scripts/gen-day5-artifacts.py — keys here match the shipped artifacts.
-- 3 easy / 4 medium / 2 hard / 1 danger. Medium+ answers are NOT recoverable from the
-- download alone; the decrypt key is served only via challenge_live_material.

delete from public.submission_attempts where challenge_id like 'p5_%';
delete from public.hint_unlocks where challenge_id like 'p5_%';
delete from public.solves where challenge_id like 'p5_%';
delete from public.challenge_answer_keys where challenge_id like 'p5_%';
delete from public.challenge_hints where challenge_id like 'p5_%';
delete from public.challenges where id like 'p5_%';

insert into public.challenges
  (id, title, category, difficulty, points, first_blood_bonus, sort_order, prompt, asset_url, action_url, num_hints, day, is_extra, is_dynamic)
values
  ('p5_cache_phantom','Cache Phantom','Web Privacy','easy',160,50,501,
   'A marketing page scattered tracking residue across three separate browser stores after you consented. Nothing is shown on the page itself — recover every fragment from your own session and rebuild the label.',
   null,'/challenge/cache-phantom',1,5,false,true),
  ('p5_bookmark_vault','Bookmark Vault','Browser Forensics','easy',170,50,502,
   'Analysts seized a browser profile database. Among routine intranet links, the operator kept one destination that does not belong. Recover the route slug it points to.',
   '/challenges/day5/places.sqlite','/challenge/verify/p5_bookmark_vault',1,5,false,true),
  ('p5_consent_labyrinth','Consent Labyrinth','Web Privacy','easy',180,50,503,
   'This consent wizard only rewards one exact privacy posture. Walk every step, keep only what is truly required, and read what the page kept for your session.',
   null,'/challenge/consent-labyrinth',1,5,false,true),
  ('p5_profile_archive','Profile Archive','Browser Forensics','medium',250,50,504,
   'A seized workstation triage archive holds the label of a data set the operator quietly pulled off the machine. Reconstruct that label. Some material needed to read it is provided only on this challenge page.',
   '/challenges/day5/browser-profile.zip','/challenge/verify/p5_profile_archive',1,5,false,true),
  ('p5_dns_whisper','DNS Whisper','Network Privacy','medium',275,50,505,
   'A capture was taken while someone assumed their name lookups were private. Buried in ordinary noise, a sensitive value was smuggled out piece by piece. Recover it. Extra material is only on this challenge page.',
   '/challenges/day5/dns-whisper.pcap','/challenge/verify/p5_dns_whisper',1,5,false,true),
  ('p5_tracker_ghost','Tracker Ghost','Web Tracking','medium',290,50,506,
   'A single page load was recorded with all its third-party chatter. The trackers passed a value between themselves across several calls. Rebuild it. Extra material is only on this challenge page.',
   '/challenges/day5/tracker-ghost.har','/challenge/verify/p5_tracker_ghost',1,5,false,true),
  ('p5_briefing_carve','Hidden Briefing','File Carving','medium',305,50,507,
   'A sanitized briefing image renders perfectly, yet analysts insist it carries a hidden passenger. Recover what it hides. Part of what you need is only on this challenge page.',
   '/challenges/day5/briefing-snapshot.png','/challenge/verify/p5_briefing_carve',1,5,false,true),
  ('p5_mask_match','Mask Match','Fingerprinting','hard',440,75,508,
   'A surveillance export logged several browser masks; exactly one belongs to the target session described on this page. The record only makes sense once your own browser genuinely looks like the target. Recover the target''s value.',
   '/challenges/day5/mask-capture.json','/challenge/mask-match',1,5,false,true),
  ('p5_exit_witness','Exit Witness','Tor / Traffic Analysis','hard',470,75,509,
   'A capture is dominated by anonymized traffic, but a single report slipped out in the open. Recover what it carried. Additional material is only on this challenge page.',
   '/challenges/day5/exit-witness.pcap','/challenge/verify/p5_exit_witness',1,5,false,true),
  ('p5_reidentified','Re-Identified','De-anonymization','danger',600,100,510,
   'An ''anonymous'' data set and a public list describe the same small population. One person is uniquely exposed by what the two share. Find them, then recover the note held against their record. Material to read it is only on this challenge page.',
   '/challenges/day5/reident-kit.zip','/challenge/verify/p5_reidentified',1,5,false,true);

insert into public.challenge_answer_keys (challenge_id, answer, secret, live_material)
values
  ('p5_cache_phantom','crumbs_trail',encode(extensions.gen_random_bytes(16),'hex'),null),
  ('p5_bookmark_vault','route_17',encode(extensions.gen_random_bytes(16),'hex'),null),
  ('p5_consent_labyrinth','narrow_path',encode(extensions.gen_random_bytes(16),'hex'),null),
  ('p5_profile_archive','midnight_export',encode(extensions.gen_random_bytes(16),'hex'),'{"session_key_hex": "e6765d8b88e96f91aff998b5b2838dbf7c50cca5a8d4b9828d058db19f10d69c41822a679d6b495117f16fb883001865"}'::jsonb),
  ('p5_dns_whisper','internal_clinic_net',encode(extensions.gen_random_bytes(16),'hex'),'{"session_key_hex": "49034a23fa77138b177f9a3dd8a3fee5c1fb5eb26ff968cc5dc75217e4267a1eb263546d8e922e782ac53b558f0dc250"}'::jsonb),
  ('p5_tracker_ghost','shadow_pixel',encode(extensions.gen_random_bytes(16),'hex'),'{"session_key_hex": "081ee0c553be69f27505ea15c9a8a6142df10a43f74e756658a4d781d918dafaa04b3416f89b137bb32e8c9dd1848929"}'::jsonb),
  ('p5_briefing_carve','leaked_briefing_pack',encode(extensions.gen_random_bytes(16),'hex'),'{"session_key_hex": "ac3773d87a0e77f564989ab8cb63702f93fbde46b0d1d5f391670f007eb63d64d5c3c0a188478c4014c660915662517f"}'::jsonb),
  ('p5_mask_match','profile_aligned',encode(extensions.gen_random_bytes(16),'hex'),'{"timezone": "Asia/Riyadh", "language": "ar-SA", "screen": "1366x768", "session_key_hex": "1b76248752f04f82bd23637ca13fa6a566f8e33f4dafb0c20e342a8b9551305ebaeec3cb53616d050b607fa227afcf6c"}'::jsonb),
  ('p5_exit_witness','witness_confirmed',encode(extensions.gen_random_bytes(16),'hex'),'{"session_key_hex": "52107c25b6f16114d66dfd88169a8bfac04a86f4b73ac57d497b68957a7a35a1fb60e762b05c903d9150946a8528ca75"}'::jsonb),
  ('p5_reidentified','subject_unmasked',encode(extensions.gen_random_bytes(16),'hex'),'{"session_key_hex": "9a3a8aa035aa7bc2fc063977cadde485987cda600aba6dd564d4b3be710ae6029a31bd44edaa2548f631eb1938d89cb3"}'::jsonb);

insert into public.challenge_hints (challenge_id, hint_number, body, penalty)
values
  ('p5_cache_phantom',1,'Everything you need is already inside your own browser.',25),
  ('p5_bookmark_vault',1,'It behaves like a database, not a document.',25),
  ('p5_consent_labyrinth',1,'Say no to everything that is merely optional.',25),
  ('p5_profile_archive',1,'One stored value is not what it claims to be.',40),
  ('p5_dns_whisper',1,'Follow the query names that do not belong.',40),
  ('p5_tracker_ghost',1,'Only the strangers matter, and the order in which they spoke.',40),
  ('p5_briefing_carve',1,'The picture keeps something after its ending.',40),
  ('p5_mask_match',1,'The page will not trust a browser that is not really the target.',60),
  ('p5_exit_witness',1,'Almost everything here is sealed. Almost.',60),
  ('p5_reidentified',1,'Three ordinary details are enough to name one person.',75);

insert into public.day_codes (day, code) values (5, 'PRIVACY-2026')
on conflict (day) do update set code = excluded.code;
update public.days set requires_code = true where day = 5;
