-- Day 6 (Introduction to Pentesting) — 13 per-player dynamic challenges.
-- v2: 10 NO-TOOL main challenges (recon/appsec/web logic) + a 3-challenge Kali
-- DANGER extra section. The 5 original Kali main challenges are removed here.
-- Generated by scripts/gen-day6-pentesting.py. Artifacts live in
-- public/challenges/day6/ and contain NO flag string; verify_challenge_answer
-- mints a per-player KGSP{...} flag only on a correct recovered answer.
-- Day 6 stays locked (is_open=false) and code-gated (PENTESTING-2026) until go-live.
begin;

-- Day 6 metadata (idempotent). Keep it LOCKED — instructor opens it on go-live.
insert into public.days (day, title, subtitle, is_open, sort_order, is_rest, requires_code, is_completed)
values (6, '🎯 Day 6 — Introduction to Pentesting',
  'Hacking phases · Reconnaissance · Scanning · Exploitation · Privilege Escalation · Kali Linux · nmap/hashcat/wireshark · Vulnerability research (NVD, CVSS)',
  false, 6, false, true, false)
on conflict (day) do update set title = excluded.title, subtitle = excluded.subtitle,
  requires_code = true;
insert into public.day_codes (day, code) values (6, 'PENTESTING-2026') on conflict (day) do nothing;

-- Clean re-apply: drop any prior Day 6 challenge rows PLUS the retired Kali
-- main challenges (answer keys / hints / solves / attempts cascade via FK).
delete from public.submission_attempts where challenge_id in ('d6_recon_footprint', 'd6_default_creds', 'd6_severity_triage', 'd6_version_hunt', 'd6_broken_auth', 'd6_jwt_read', 'd6_idor', 'd6_mass_assign', 'd6_git_leak', 'd6_logic_flaw', 'd6_kill_chain', 'd6_ghost_machine', 'd6_payload_analyst', 'd6_crack_hash', 'd6_wire_tap', 'd6_buried_signal', 'd6_forged_token', 'd6_leaked_db');
delete from public.challenges where id in ('d6_recon_footprint', 'd6_default_creds', 'd6_severity_triage', 'd6_version_hunt', 'd6_broken_auth', 'd6_jwt_read', 'd6_idor', 'd6_mass_assign', 'd6_git_leak', 'd6_logic_flaw', 'd6_kill_chain', 'd6_ghost_machine', 'd6_payload_analyst', 'd6_crack_hash', 'd6_wire_tap', 'd6_buried_signal', 'd6_forged_token', 'd6_leaked_db');

insert into public.challenges (id, title, category, difficulty, points, first_blood_bonus, sort_order, prompt, asset_url, action_url, num_hints, day, is_extra, is_dynamic) values (
  'd6_recon_footprint', 'Footprint', 'Reconnaissance', 'easy', 150, 50, 601,
  '[No special tools — browser / reading only] Reconnaissance is noticing what a target quietly reveals about itself. This bundle is passive recon on a web target — response headers, robots.txt, and page source. A forgotten backup file is hinted at in one place and named in another; it holds a deploy secret the team thought they had hidden. Follow the trail and recover the plaintext secret.',
  '/challenges/day6/recon-bundle.txt', '/challenge/verify/d6_recon_footprint', 1, 6, false, true);
insert into public.challenge_answer_keys (challenge_id, answer, secret, live_material) values ('d6_recon_footprint', 'harvest_the_headers', encode(extensions.gen_random_bytes(16),'hex'), null)
  on conflict (challenge_id) do update set answer = excluded.answer, live_material = excluded.live_material;
insert into public.challenge_hints (challenge_id, hint_number, body, penalty) values ('d6_recon_footprint', 1, 'Chain it: robots.txt names a hidden directory, a source comment names the exact file inside it, and the value in that file is only lightly encoded.', 40)
  on conflict (challenge_id, hint_number) do update set body = excluded.body, penalty = excluded.penalty;

insert into public.challenges (id, title, category, difficulty, points, first_blood_bonus, sort_order, prompt, asset_url, action_url, num_hints, day, is_extra, is_dynamic) values (
  'd6_default_creds', 'Factory Settings', 'Access Control', 'easy', 175, 50, 602,
  '[No special tools — browser / reading only] The fastest real-world compromise is often no exploit at all — just credentials nobody changed. In this branch-office audit, every device but one has been hardened. Find the single device still reachable on a legacy cleartext management service that also appears in the vendor default-credential table, and submit its default password.',
  '/challenges/day6/device-audit.txt', '/challenge/verify/d6_default_creds', 1, 6, false, true);
insert into public.challenge_answer_keys (challenge_id, answer, secret, live_material) values ('d6_default_creds', 'sunwave_admin_5510', encode(extensions.gen_random_bytes(16),'hex'), null)
  on conflict (challenge_id) do update set answer = excluded.answer, live_material = excluded.live_material;
insert into public.challenge_hints (challenge_id, hint_number, body, penalty) values ('d6_default_creds', 1, 'Cross-reference two things: which device still exposes a cleartext mgmt port, and which of those models is listed in the defaults table.', 40)
  on conflict (challenge_id, hint_number) do update set body = excluded.body, penalty = excluded.penalty;

insert into public.challenges (id, title, category, difficulty, points, first_blood_bonus, sort_order, prompt, asset_url, action_url, num_hints, day, is_extra, is_dynamic) values (
  'd6_severity_triage', 'Triage', 'Vulnerability Management', 'medium', 250, 50, 603,
  '[No special tools — browser / reading only] A scanner gives you numbers; a pentester gives you priorities. Read the findings and pick the ONE to fix first — remotely reachable from the internet, no authentication, no user interaction, full compromise, with a public exploit already available. The highest raw CVSS score is a deliberate trap. Submit the finding id.',
  '/challenges/day6/scan-findings.txt', '/challenge/verify/d6_severity_triage', 1, 6, false, true);
insert into public.challenge_answer_keys (challenge_id, answer, secret, live_material) values ('d6_severity_triage', 'finding-06', encode(extensions.gen_random_bytes(16),'hex'), null)
  on conflict (challenge_id) do update set answer = excluded.answer, live_material = excluded.live_material;
insert into public.challenge_hints (challenge_id, hint_number, body, penalty) values ('d6_severity_triage', 1, 'Two findings score 9.8. Only one of them is actually reachable by an anonymous attacker on the internet — read where each is exposed.', 40)
  on conflict (challenge_id, hint_number) do update set body = excluded.body, penalty = excluded.penalty;

insert into public.challenges (id, title, category, difficulty, points, first_blood_bonus, sort_order, prompt, asset_url, action_url, num_hints, day, is_extra, is_dynamic) values (
  'd6_version_hunt', 'Fingerprint', 'Service Enumeration', 'medium', 275, 50, 604,
  '[No special tools — browser / reading only] Service versions are fingerprints, and one fingerprint here is infamous. Read the banner grab and identify the exact service and version that ships a well-known backdoor / critical remote code execution. Submit it as service_version (lowercase, underscore-joined).',
  '/challenges/day6/banner-grab.txt', '/challenge/verify/d6_version_hunt', 1, 6, false, true);
insert into public.challenge_answer_keys (challenge_id, answer, secret, live_material) values ('d6_version_hunt', 'vsftpd_2.3.4', encode(extensions.gen_random_bytes(16),'hex'), null)
  on conflict (challenge_id) do update set answer = excluded.answer, live_material = excluded.live_material;
insert into public.challenge_hints (challenge_id, hint_number, body, penalty) values ('d6_version_hunt', 1, 'One of these FTP daemons had a backdoor slipped into an official release around 2011 — its version number is very specific.', 40)
  on conflict (challenge_id, hint_number) do update set body = excluded.body, penalty = excluded.penalty;

insert into public.challenges (id, title, category, difficulty, points, first_blood_bonus, sort_order, prompt, asset_url, action_url, num_hints, day, is_extra, is_dynamic) values (
  'd6_broken_auth', 'Backdoor', 'Code Review', 'hard', 350, 50, 605,
  '[No special tools — browser / reading only] Leaked server-side source hides a way in that never checks a password. Read the code like an attacker: a ''temporary'' maintenance path is triggered by one specific request header, and it prints a token. The header and the token were obfuscated so a casual reader would miss them. Deobfuscate the source and recover the token the backdoor emits.',
  '/challenges/day6/leaked-auth.txt', '/challenge/verify/d6_broken_auth', 1, 6, false, true);
insert into public.challenge_answer_keys (challenge_id, answer, secret, live_material) values ('d6_broken_auth', 'magic_header_bypass', encode(extensions.gen_random_bytes(16),'hex'), null)
  on conflict (challenge_id) do update set answer = excluded.answer, live_material = excluded.live_material;
insert into public.challenge_hints (challenge_id, hint_number, body, penalty) values ('d6_broken_auth', 1, 'The token is base64 that was then ROT13''d. Undo the ROT13 first, then the base64.', 40)
  on conflict (challenge_id, hint_number) do update set body = excluded.body, penalty = excluded.penalty;

insert into public.challenges (id, title, category, difficulty, points, first_blood_bonus, sort_order, prompt, asset_url, action_url, num_hints, day, is_extra, is_dynamic) values (
  'd6_jwt_read', 'Token Inspector', 'Auth / JWT', 'easy', 200, 50, 606,
  '[No special tools — browser / reading only] A JSON Web Token is signed, not encrypted — anyone can read its payload with no key at all. This captured token has a private note tucked inside one of its claims. Decode the token (jwt.io, CyberChef, or base64), read the note claim, decode that too, and submit what it says. No cracking — just decoding.',
  '/challenges/day6/admin-session.txt', '/challenge/verify/d6_jwt_read', 1, 6, false, true);
insert into public.challenge_answer_keys (challenge_id, answer, secret, live_material) values ('d6_jwt_read', 'jwt_not_encrypted', encode(extensions.gen_random_bytes(16),'hex'), null)
  on conflict (challenge_id) do update set answer = excluded.answer, live_material = excluded.live_material;
insert into public.challenge_hints (challenge_id, hint_number, body, penalty) values ('d6_jwt_read', 1, 'The middle section of a JWT is base64url JSON. Decode it, find the "note" field, then base64-decode that value.', 40)
  on conflict (challenge_id, hint_number) do update set body = excluded.body, penalty = excluded.penalty;

insert into public.challenges (id, title, category, difficulty, points, first_blood_bonus, sort_order, prompt, asset_url, action_url, num_hints, day, is_extra, is_dynamic) values (
  'd6_idor', 'Off By One', 'Access Control', 'medium', 250, 50, 607,
  '[No special tools — browser / reading only] A classic Insecure Direct Object Reference: an API hands any logged-in user any other user''s record just by changing the id in the URL, with no ownership check. Read the captured request log, find the administrator''s record among the enumerated ids, decode the secret it leaked, and submit the plaintext.',
  '/challenges/day6/api-requests.txt', '/challenge/verify/d6_idor', 1, 6, false, true);
insert into public.challenge_answer_keys (challenge_id, answer, secret, live_material) values ('d6_idor', 'sequential_ids_leak', encode(extensions.gen_random_bytes(16),'hex'), null)
  on conflict (challenge_id) do update set answer = excluded.answer, live_material = excluded.live_material;
insert into public.challenge_hints (challenge_id, hint_number, body, penalty) values ('d6_idor', 1, 'Walk the ids like the attacker did. One record has role "superadmin" — its recovery_phrase is base64-encoded.', 40)
  on conflict (challenge_id, hint_number) do update set body = excluded.body, penalty = excluded.penalty;

insert into public.challenges (id, title, category, difficulty, points, first_blood_bonus, sort_order, prompt, asset_url, action_url, num_hints, day, is_extra, is_dynamic) values (
  'd6_mass_assign', 'Extra Fields', 'API Security', 'medium', 275, 50, 608,
  '[No special tools — browser / reading only] Some APIs blindly bind every field you send onto the new object (mass assignment). Compare the two captured signup requests: the attacker added fields the form never offered and the backend accepted them — making the account an admin and leaking an admin-only token in the response. Decode that token and submit the plaintext.',
  '/challenges/day6/signup-capture.txt', '/challenge/verify/d6_mass_assign', 1, 6, false, true);
insert into public.challenge_answer_keys (challenge_id, answer, secret, live_material) values ('d6_mass_assign', 'mass_assignment_win', encode(extensions.gen_random_bytes(16),'hex'), null)
  on conflict (challenge_id) do update set answer = excluded.answer, live_material = excluded.live_material;
insert into public.challenge_hints (challenge_id, hint_number, body, penalty) values ('d6_mass_assign', 1, 'Look at what Attempt 2 sent that Attempt 1 did not, then decode the panel_token the response leaked (it is base64).', 40)
  on conflict (challenge_id, hint_number) do update set body = excluded.body, penalty = excluded.penalty;

insert into public.challenges (id, title, category, difficulty, points, first_blood_bonus, sort_order, prompt, asset_url, action_url, num_hints, day, is_extra, is_dynamic) values (
  'd6_git_leak', 'Left in History', 'Source Disclosure', 'hard', 350, 50, 609,
  '[No special tools — browser / reading only] A web app exposed its .git/ directory, so you have its full history. A developer thought they scrubbed a hardcoded database password by ''removing'' it in a later commit — but a removed secret still lives in the diff of the commit that removed it. Read the history, recover the old password, and submit the plaintext.',
  '/challenges/day6/git-forensics.txt', '/challenge/verify/d6_git_leak', 1, 6, false, true);
insert into public.challenge_answer_keys (challenge_id, answer, secret, live_material) values ('d6_git_leak', 'git_never_forgets', encode(extensions.gen_random_bytes(16),'hex'), null)
  on conflict (challenge_id) do update set answer = excluded.answer, live_material = excluded.live_material;
insert into public.challenge_hints (challenge_id, hint_number, body, penalty) values ('d6_git_leak', 1, 'Look at the diff of the ''remove hardcoded database password'' commit — the deleted line (starting with -) still shows the value, which is base64-encoded.', 40)
  on conflict (challenge_id, hint_number) do update set body = excluded.body, penalty = excluded.penalty;

insert into public.challenges (id, title, category, difficulty, points, first_blood_bonus, sort_order, prompt, asset_url, action_url, num_hints, day, is_extra, is_dynamic) values (
  'd6_logic_flaw', 'Free Lunch', 'Business Logic', 'hard', 375, 50, 610,
  '[No special tools — browser / reading only] The most dangerous bugs aren''t always memory corruption — sometimes they''re just the money math. In this checkout API the price is validated server-side, but the quantity is not. Read the captured attempts, work out which manipulation flips a purchase into a refund, then decode the store-credit code that the successful attack minted and submit it.',
  '/challenges/day6/checkout-api.txt', '/challenge/verify/d6_logic_flaw', 1, 6, false, true);
insert into public.challenge_answer_keys (challenge_id, answer, secret, live_material) values ('d6_logic_flaw', 'logic_beats_brute', encode(extensions.gen_random_bytes(16),'hex'), null)
  on conflict (challenge_id) do update set answer = excluded.answer, live_material = excluded.live_material;
insert into public.challenge_hints (challenge_id, hint_number, body, penalty) values ('d6_logic_flaw', 1, 'The price tamper is blocked, but a NEGATIVE quantity is not — that request succeeds and returns a base64 store_credit_code.', 40)
  on conflict (challenge_id, hint_number) do update set body = excluded.body, penalty = excluded.penalty;

insert into public.challenges (id, title, category, difficulty, points, first_blood_bonus, sort_order, prompt, asset_url, action_url, num_hints, day, is_extra, is_dynamic) values (
  'd6_kill_chain', 'Kill Chain', 'Exploitation Chain', 'danger', 500, 100, 611,
  '[Kali toolbox required] ☠ A full smash-and-grab in one capture. An attacker exfiltrated an encrypted package to an external server. Reconstruct it: pull the encrypted blob out of the exfil HTTP stream, recover the key by cracking a password digest that leaked in an EARLIER stream of the same capture, then decrypt the package. The encryption is AES-256-CBC via OpenSSL with PBKDF2. Submit the flag_token from the decrypted contents.',
  '/challenges/day6/exfil-capture.pcap', '/challenge/verify/d6_kill_chain', 1, 6, true, true);
insert into public.challenge_answer_keys (challenge_id, answer, secret, live_material) values ('d6_kill_chain', 'exfil_chain_unmasked', encode(extensions.gen_random_bytes(16),'hex'), null)
  on conflict (challenge_id) do update set answer = excluded.answer, live_material = excluded.live_material;
insert into public.challenge_hints (challenge_id, hint_number, body, penalty) values ('d6_kill_chain', 1, 'Three steps: (1) Follow the POST stream and base64-decode the body — it begins with ''Salted__''. (2) An earlier stream leaks the account''s password as an MD5 (X-Pw-MD5) — crack it. (3) `openssl enc -d -aes-256-cbc -pbkdf2 -k <password>` on the blob.', 40)
  on conflict (challenge_id, hint_number) do update set body = excluded.body, penalty = excluded.penalty;

insert into public.challenges (id, title, category, difficulty, points, first_blood_bonus, sort_order, prompt, asset_url, action_url, num_hints, day, is_extra, is_dynamic) values (
  'd6_ghost_machine', 'Ghost in the Machine', 'Memory Forensics', 'danger', 525, 100, 612,
  '[Kali toolbox required] ☠ You captured a process memory dump. Somewhere inside is a base64 region that decodes to an RC4-encrypted secret. The 16-byte RC4 key is also in the dump, sitting immediately after an ASCII marker `KEY:`. Locate both, decrypt, and submit the recovered credential. Expect to script this (strings/xxd to find the pieces, then RC4 in CyberChef or a few lines of Python).',
  '/challenges/day6/process-dump.bin', '/challenge/verify/d6_ghost_machine', 1, 6, true, true);
insert into public.challenge_answer_keys (challenge_id, answer, secret, live_material) values ('d6_ghost_machine', 'credential_harvested', encode(extensions.gen_random_bytes(16),'hex'), null)
  on conflict (challenge_id) do update set answer = excluded.answer, live_material = excluded.live_material;
insert into public.challenge_hints (challenge_id, hint_number, body, penalty) values ('d6_ghost_machine', 1, '`strings` surfaces the `BLOB:` base64 and the `KEY:` marker. The 16 raw bytes right after `KEY:` are the RC4 key (use them as hex); base64-decode the blob, then RC4-decrypt.', 40)
  on conflict (challenge_id, hint_number) do update set body = excluded.body, penalty = excluded.penalty;

insert into public.challenges (id, title, category, difficulty, points, first_blood_bonus, sort_order, prompt, asset_url, action_url, num_hints, day, is_extra, is_dynamic) values (
  'd6_payload_analyst', 'Payload Analyst', 'Reverse Engineering', 'danger', 550, 100, 613,
  '[Kali toolbox required] ☠ A captured post-exploitation dropper (defanged) hides a hardcoded C2 campaign key under several layers of obfuscation. Read the decoder in the script, resolve what each stage actually does — including the ''rolling'' constant that is really a fixed XOR mask — and recover the key. Reimplement the chain (base64 → hex → XOR) or trace it by hand. Submit the campaign key.',
  '/challenges/day6/dropper.js.txt', '/challenge/verify/d6_payload_analyst', 1, 6, true, true);
insert into public.challenge_answer_keys (challenge_id, answer, secret, live_material) values ('d6_payload_analyst', 'c2_key_bluef0x_2026', encode(extensions.gen_random_bytes(16),'hex'), null)
  on conflict (challenge_id) do update set answer = excluded.answer, live_material = excluded.live_material;
insert into public.challenge_hints (challenge_id, hint_number, body, penalty) values ('d6_payload_analyst', 1, 'Work the stages inside-out: the constant `_k` resolves to a single fixed byte. Undo base64, then hex-decode, then XOR every byte with that constant.', 40)
  on conflict (challenge_id, hint_number) do update set body = excluded.body, penalty = excluded.penalty;

commit;
